team_customer_relationship,team_communication,assumption,failed_documentation,role,industry,common_problem,country,team_size,project_distribution,work,project_method,meeting_frequency,user_feedback_frequency,external_partners,top2,top3,top4,top5
3,4,Make a reasonable assumption myself and proceed.,I do not document requirements.,Other (please specify),Security,Targets are moving,Germany,20,Yes,Approximately half on-site and half from home,Plan-driven,Weekly,Never,Yes,Incomplete or hidden requirements,Lack of communication between project team and end users,Problems with terminology,Unclear or unmeasurable non-functional requirements
4,4,I do not know.,Yes,Developer,Automotive,Lack of trust between our project team members,Sweden,5,No,Almost completely on-site,Agile,Weekly,Bi-weekly,No,Lack of communication between project team and end users,Gold plating (implementation of features without corresponding requirements),Communication flaws within the project team,Changes in requirements not communicated
4,3,Ask the customer/end user/ or both what should be assumed before proceeding.,Yes,Project Lead / Project Manager,Manufacturing,An important stakeholder is not represented in our project,Germany,8,Yes,Approximately half on-site and half from home,Hybrid,Weekly,Bi-weekly,Yes,Incomplete or hidden requirements,Changes in requirements not communicated,Insufficient support by project lead,Inconsistent requirements
5,4,Ask the customer/end user/or both what should be assumed before proceeding.,No,Product Owner,Manufacturing,Lack of communication between project team and end users,Germany,25,Yes,Almost completely on-site,Agile,Almost daily,Monthly,Yes,Targets are moving,Incomplete or hidden requirements,Lack of trust between our project team members and stakeholder or customer,Weak access to customer needs and / or (internal) business information
4,5,Make a reasonable assumption myself and proceed.,No,Project Lead / Project Manager,Automotive,Language barriers,Germany,25,No,Approximately half on-site and half from home,Plan-driven,Almost daily,Other (please specify),No,Problems with terminology,Targets are moving,Internal or external constraints are not considered,Weak access to customer needs and / or (internal) business information
5,5,Ask the customer/end user/or both what should be assumed before proceeding.,No,Business Analyst,Avionics,Lack of communication between project team and end users,Sweden,7,Yes,Mostly from home,Agile,Almost daily,Other (please specify),Yes,Communication flaws between the project and the customer,Insufficient support by project lead,Weak access to customer needs and / or (internal) business information,Weak knowledge about customer's application domain
3,3,Make a reasonable assumption myself and proceed.,Yes,Requirements Engineer,Telecommunication,Lack of trust between our project team members,Poland,20,Yes,Mostly on-site,Rather agile,Almost daily,Monthly,Yes,Lack of communication between project team and end users,Lack of commitment to shared goals within project,Weak knowledge about customer's application domain,We do not have enough time to carry out tasks
3,3,Ask the customer/end user/or both what should be assumed before proceeding.,Yes,Project Lead / Project Manager,Public sector,Requirements are not traceable,United States,5,Yes,Almost completely from home,Hybrid,Weekly,Almost daily,Yes,Changes in requirements not communicated,No use of standard format for documenting requirements,Inconsistent requirements,Lack of commitment to shared goals within project
4,4,Make a reasonable assumption myself and proceed.,Yes,Developer,Aerospace,We do not have enough time to carry out tasks,Sweden,250,No,Mostly on-site,Rather plan-driven,Almost daily,Monthly,No,Our team's responsibilities are unclear,Communication channels used in our project are ineffective,Lack of commitment to shared goals within project,Communication flaws within the project team
3,4,Make a reasonable assumption myself and proceed.,No,Developer,e-Commerce,Inconsistent requirements,Spain,15,Yes,Almost completely on-site,Rather agile,Almost daily,Weekly,Yes,Incomplete or hidden requirements,Underspecified requirements that are too abstract and allow for various interpretations,Changes in requirements not communicated,Gold plating (implementation of features without corresponding requirements)
5,5,Ask the customer/end user/or both what should be assumed before proceeding.,No,Business Analyst,Other (please specify),Targets are moving,Turkey,4,Yes,Almost completely from home,Agile,Bi-weekly,Bi-weekly,Yes,Incomplete or hidden requirements,Changes in requirements not communicated,Internal or external constraints are not considered,Please make a selection
3,5,Ask the customer/end user/or both what should be assumed before proceeding.,Yes,Developer,Games engineering,Targets are moving,Turkey,25,Yes,Almost completely from home,Agile,Almost daily,Never,Yes,Communication flaws between the project and the customer,Underspecified requirements that are too abstract and allow for various interpretations,Incomplete or hidden requirements,Please make a selection
4,4,Ask the customer/end user/or both what should be assumed before proceeding.,Yes,Developer,Finance,Weak knowledge about customer's application domain,Turkey,10,Yes,Almost completely from home,Agile,Almost daily,I don't know,Yes,Insufficient support by project lead,Communication flaws within the project team,Communication flaws between the project and the customer,Lack of commitment to shared goals within project
4,5,Make a reasonable assumption myself and proceed.,Yes,Developer,Other (please specify),Communication flaws between the project and the customer,Spain,16,Yes,Approximately half on-site and half from home,Plan-driven,Weekly,I don't know,Yes,Changes in requirements not communicated,Unclear or unmeasurable non-functional requirements,Inconsistent requirements,Internal or external constraints are not considered
4,3,Ask the customer/end user/or both what should be assumed before proceeding.,Yes,Developer,Telecommunication,Technically unfeasible requirements,Turkey,20,Yes,Approximately half on-site and half from home,Hybrid,Almost daily,Weekly,Yes,Incomplete or hidden requirements,Weak access to customer needs and / or (internal) business information,We do not have enough time to carry out tasks,No use of standard format for documenting requirements
3,3,Ask the customer/end user/or both what should be assumed before proceeding.,Yes,Other (please specify),Railway,Lack of communication between project team and end users,Spain,10,Yes,Mostly from home,Rather agile,Almost daily,Monthly,Yes,Weak knowledge about customer's application domain,Communication flaws between the project and the customer,Weak access to customer needs and / or (internal) business information,Targets are moving
4,5,Make a reasonable assumption myself and proceed.,Yes,Scrum Master,Public sector,Weak knowledge about customer's application domain,Spain,10,Yes,Almost completely on-site,Rather plan-driven,Weekly,Bi-weekly,Yes,Weak access to customer needs and / or (internal) business information,Lack of communication between project team and end users,Targets are moving,Underspecified requirements that are too abstract and allow for various interpretations
5,5,Ask the customer/end user/or both what should be assumed before proceeding.,Yes,Architect,Logistics,Communication flaws between the project and the customer,Spain,14,Yes,Mostly from home,Hybrid,Weekly,Bi-weekly,Yes,Changes in requirements not communicated,Inconsistent requirements,Technically unfeasible requirements,Lack of commitment to shared goals within project
3,5,Does not apply.,Yes,Developer,Other (please specify),Gold plating (implementation of features without corresponding requirements),Spain,20,Yes,Almost completely from home,Rather agile,Almost daily,Almost daily,Yes,Targets are moving,Inconsistent requirements,Internal or external constraints are not considered,Requirements are not traceable
4,4,Ask the customer/end user/or both what should be assumed before proceeding.,I do not document requirements.,Architect,Finance,We do not have enough time to carry out tasks,Turkey,12,Yes,Almost completely from home,Hybrid,Monthly,Almost daily,Yes,Communication flaws within the project team,Our team's responsibilities are unclear,No use of standard format for documenting requirements,Weak knowledge about customer's application domain
4,3,Make a reasonable assumption myself and proceed.,No,Developer,Finance,Insufficient support by project lead,Turkey,25,Yes,Almost completely from home,Rather agile,Almost daily,Bi-weekly,Yes,No use of standard format for documenting requirements,Internal or external constraints are not considered,We do not have enough time to carry out tasks,Technically unfeasible requirements
4,5,Ask the customer/end user/or both what should be assumed before proceeding.,Yes,Project Lead / Project Manager,Aerospace,Inconsistent requirements,Spain,30,Yes,Approximately half on-site and half from home,Plan-driven,Weekly,Bi-weekly,Yes,Lack of communication between project team and end users,Requirements are not traceable,Targets are moving,Incomplete or hidden requirements
4,5,Ask the customer/end user/or both what should be assumed before proceeding.,Yes,Developer,Other (please specify),Gold plating (implementation of features without corresponding requirements),Spain,20,No,Almost completely from home,Agile,Weekly,Weekly,No,Changes in requirements not communicated,Incomplete or hidden requirements,Requirements are not traceable,Underspecified requirements that are too abstract and allow for various interpretations
4,4,Ask the customer/end user/or both what should be assumed before proceeding.,I do not document requirements.,Marketing,Other (please specify),Communication flaws between the project and the customer,Spain,5,Yes,Mostly from home,Hybrid,Weekly,Never,Yes,We do not have enough time to carry out tasks,Lack of commitment to shared goals within project,Incomplete or hidden requirements,Gold plating (implementation of features without corresponding requirements)
3,4,Make a reasonable assumption myself and proceed.,No,Other (please specify),Healthcare,Our requirements engineers lack enthusiasm or commitment to do requirements analysis,Spain,15,No,Approximately half on-site and half from home,Hybrid,Almost daily,Other (please specify),No,Our team's responsibilities are unclear,Communication flaws within the project team,Changes in requirements not communicated,Weak knowledge about customer's application domain
5,4,Ask the customer/end user/or both what should be assumed before proceeding.,Yes,Developer,Other (please specify),Communication flaws between the project and the customer,Spain,30,No,Almost completely from home,Agile,Almost daily,Weekly,No,Communication flaws within the project team,Weak knowledge about customer's application domain,Lack of trust between our project team members,Lack of trust between our project team members and stakeholder or customer
4,3,Ask the customer/end user/or both what should be assumed before proceeding.,Yes,Project Lead / Project Manager,Healthcare,Communication flaws within the project team,Spain,9,Yes,Almost completely from home,Rather agile,Weekly,Weekly,Yes,Technically unfeasible requirements,Lack of communication between project team and end users,We do not have enough time to carry out tasks,Inconsistent requirements
3,2,Make a reasonable assumption myself and proceed.,I do not document requirements.,Architect,Other (please specify),Communication channels used in our project are ineffective,Spain,15,Yes,Approximately half on-site and half from home,Plan-driven,Weekly,I don't know,Yes,Communication flaws within the project team,Communication flaws between the project and the customer,Requirements are not traceable,Insufficient support by project lead
4,4,Make a reasonable assumption myself and proceed.,I do not document requirements.,Architect,Other (please specify),Targets are moving,Spain,400,No,Almost completely from home,Agile,Weekly,Monthly,No,Underspecified requirements that are too abstract and allow for various interpretations,Communication flaws between the project and the customer,We do not have enough time to carry out tasks,Gold plating (implementation of features without corresponding requirements)
2,4,Make a reasonable assumption myself and proceed.,No,Developer,e-Commerce,Communication flaws between the project and the customer,Portugal,10,No,Almost completely from home,Agile,Almost daily,Monthly,No,Lack of communication between project team and end users,Incomplete or hidden requirements,Targets are moving,Weak knowledge about customer's application domain
3,3,Make a reasonable assumption myself and proceed.,I do not document requirements.,Other (please specify),Avionics,Communication flaws between the project and the customer,Turkey,10,Yes,Almost completely on-site,I don't know,Weekly,I don't know,Yes,Communication channels used in our project are ineffective,Changes in requirements not communicated,Incomplete or hidden requirements,Targets are moving
4,5,Make a reasonable assumption myself and proceed.,Yes,Developer,Energy,Communication flaws between the project and the customer,Nigeria,10,No,Approximately half on-site and half from home,Plan-driven,Bi-weekly,Never,No,Communication channels used in our project are ineffective,Unclear or unmeasurable non-functional requirements,Inconsistent requirements,Technically unfeasible requirements
3,5,Ask the customer/end user/or both what should be assumed before proceeding.,Yes,Business Analyst,Manufacturing,Changes in requirements not communicated,Turkey,6,Yes,Mostly from home,Hybrid,Bi-weekly,Monthly,Yes,Inconsistent requirements,Targets are moving,Weak knowledge about customer's application domain,Problems with terminology
4,4,Ask the customer/end user/or both what should be assumed before proceeding.,Yes,Developer,Finance,Technically unfeasible requirements,Nigeria,20,Yes,Mostly from home,Hybrid,Almost daily,Almost daily,Yes,Inconsistent requirements,Incomplete or hidden requirements,Targets are moving,No use of standard format for documenting requirements
3,4,Ask the customer/end user/or both what should be assumed before proceeding.,Yes,Business Analyst,Manufacturing,Communication flaws within the project team,Turkey,3,No,Approximately half on-site and half from home,Hybrid,Bi-weekly,Monthly,No,Unclear or unmeasurable non-functional requirements,Changes in requirements not communicated,Weak knowledge about customer's application domain,Weak access to customer needs and / or (internal) business information
4,4,Ask the customer/end user/or both what should be assumed before proceeding.,No,Product Manager,Agriculture,We do not have enough time to carry out tasks,Nigeria,4,No,Mostly from home,Plan-driven,Weekly,Almost daily,No,No use of standard format for documenting requirements,Communication flaws between the project and the customer,Language barriers,Problems with terminology
5,5,Ask the customer/end user/or both what should be assumed before proceeding.,Yes,Developer,Agriculture,Problems with terminology,Nigeria,12,No,Almost completely on-site,Agile,Bi-weekly,Weekly,No,Requirements are not traceable,Communication channels used in our project are ineffective,Insufficient support by project lead,Changes in requirements not communicated
4,4,Make a reasonable assumption myself and proceed.,Yes,Project Lead / Project Manager,e-Commerce,Inconsistent requirements,Turkey,6,No,Almost completely from home,Rather agile,Bi-weekly,Bi-weekly,No,No use of standard format for documenting requirements,Incomplete or hidden requirements,Weak access to customer needs and / or (internal) business information,Unclear or unmeasurable non-functional requirements
5,5,Make a reasonable assumption myself and proceed.,No,Developer,Education,Lack of communication between project team and end users,Turkey,1,Yes,Approximately half on-site and half from home,Plan-driven,Weekly,I don't know,Yes,Lack of trust between our project team members and stakeholder or customer,Insufficient support by project lead,Communication channels used in our project are ineffective,Technically unfeasible requirements
4,5,Ask the customer/end user/or both what should be assumed before proceeding.,I do not document requirements.,Business Analyst,Telecommunication,Internal or external constraints are not considered,Turkey,4,Yes,Almost completely from home,Agile,Almost daily,Almost daily,Yes,Incomplete or hidden requirements,Gold plating (implementation of features without corresponding requirements),We do not have enough time to carry out tasks,Unclear or unmeasurable non-functional requirements
4,5,Ask the customer/end user/or both what should be assumed before proceeding.,No,Product Manager,Human resources,Our team's responsibilities are unclear,Spain,100,No,Mostly from home,Rather agile,Almost daily,Bi-weekly,No,Lack of communication between project team and end users,Weak knowledge about customer's application domain,Lack of trust between our project team members,Weak access to customer needs and / or (internal) business information
5,4,Make a reasonable assumption myself and proceed.,Yes,Product Manager,Finance,Inconsistent requirements,Estonia,5,No,Mostly on-site,Hybrid,Bi-weekly,Monthly,No,Changes in requirements not communicated,We do not have enough time to carry out tasks,Weak access to customer needs and / or (internal) business information,Weak knowledge about customer's application domain
5,4,Ask the customer/end user/or both what should be assumed before proceeding.,Yes,Product Owner,Automotive,Language barriers,United States,18,Yes,Mostly from home,Agile,Almost daily,Bi-weekly,Yes,Problems with terminology,Inconsistent requirements,Incomplete or hidden requirements,Lack of communication between project team and end users
4,4,Ask the customer/end user/or both what should be assumed before proceeding.,Yes,Product Owner,Finance,Requirements are not traceable,Switzerland,30,Yes,Mostly from home,Rather agile,Weekly,Monthly,Yes,Incomplete or hidden requirements,Unclear or unmeasurable non-functional requirements,Communication channels used in our project are ineffective,Weak knowledge about customer's application domain
4,4,Ask the customer/end user/or both what should be assumed before proceeding.,Yes,Requirements Engineer,e-Government,Communication flaws between the project and the customer,Pakistan,10,No,Mostly on-site,Hybrid,Other (Please specify),Other (please specify),No,Changes in requirements not communicated,Targets are moving,We do not have enough time to carry out tasks,No use of standard format for documenting requirements
3,4,Ask the customer/end user/or both what should be assumed before proceeding.,Yes,Product Manager,Finance,Targets are moving,Spain,10,No,Mostly on-site,Agile,Almost daily,Weekly,No,Technically unfeasible requirements,Lack of trust between our project team members and stakeholder or customer,Incomplete or hidden requirements,Communication channels used in our project are ineffective
5,5,Make a reasonable assumption myself and proceed.,Yes,Developer,Automotive,Inconsistent requirements,Germany,28,Yes,Approximately half on-site and half from home,Rather plan-driven,Bi-weekly,Monthly,Yes,Targets are moving,Gold plating (implementation of features without corresponding requirements),Please make a selection,We do not have enough time to carry out tasks
3,4,Does not apply.,No,Developer,Railway,Incomplete or hidden requirements,Austria,20,No,Approximately half on-site and half from home,Rather agile,Almost daily,I don't know,No,Lack of commitment to shared goals within project,Inconsistent requirements,Weak access to customer needs and / or (internal) business information,Language barriers
4,5,Make a reasonable assumption myself and proceed.,No,Product Manager,Automotive,Targets are moving,United States,10,No,Almost completely from home,Agile,Almost daily,Weekly,No,Incomplete or hidden requirements,Lack of communication between project team and end users,Weak knowledge about customer's application domain,We do not have enough time to carry out tasks
4,4,Make a reasonable assumption myself and proceed.,Yes,Product Manager,Education,Communication flaws within the project team,Spain,12,Yes,Almost completely from home,Rather agile,Almost daily,Monthly,Yes,Insufficient support by project lead,We do not have enough time to carry out tasks,Targets are moving,Our team's responsibilities are unclear
4,4,Ask the customer/end user/or both what should be assumed before proceeding.,I do not document requirements.,Developer,e-Commerce,We do not have enough time to carry out tasks,Australia,20,Yes,Almost completely from home,Agile,Almost daily,Weekly,Yes,An important stakeholder is not represented in our project,Lack of communication between project team and end users,Incomplete or hidden requirements,Weak knowledge about customer's application domain
4,3,Make a reasonable assumption myself and proceed.,No,Developer,Enterprise resource planning,Communication flaws within the project team,United States,12,No,Almost completely on-site,Rather plan-driven,Weekly,Bi-weekly,No,Our requirements engineers lack enthusiasm or commitment to do requirements analysis,Communication channels used in our project are ineffective,Lack of trust between our project team members and stakeholder or customer,Changes in requirements not communicated
4,4,Make a reasonable assumption myself and proceed.,Yes,Project Lead / Project Manager,Security,Underspecified requirements that are too abstract and allow for various interpretations,Italy,50,No,Approximately half on-site and half from home,Rather plan-driven,Weekly,Monthly,No,Gold plating (implementation of features without corresponding requirements),Weak access to customer needs and / or (internal) business information,Lack of trust between our project team members,No use of standard format for documenting requirements
3,4,Ask the customer/end user/or both what should be assumed before proceeding.,Yes,Customer,e-Government,Incomplete or hidden requirements,Italy,4,Yes,Almost completely from home,Hybrid,Weekly,Monthly,Yes,Gold plating (implementation of features without corresponding requirements),Please make a selection,Our requirements engineers lack enthusiasm or commitment to do requirements analysis,Internal or external constraints are not considered
4,4,Make a reasonable assumption myself and proceed.,Yes,Architect,Public sector,Communication flaws between the project and the customer,Italy,12,Yes,Almost completely on-site,Hybrid,Weekly,Weekly,Yes,Communication channels used in our project are ineffective,Communication flaws within the project team,Insufficient support by project lead,Inconsistent requirements
4,4,Ask the customer/end user/or both what should be assumed before proceeding.,Yes,Project Lead / Project Manager,Public sector,Communication flaws within the project team,Italy,12,Yes,Almost completely on-site,Hybrid,Weekly,Weekly,Yes,Insufficient support by project lead,We do not have enough time to carry out tasks,Our team's responsibilities are unclear,Internal or external constraints are not considered
3,3,Ask the customer/end user/or both what should be assumed before proceeding.,Yes,Developer,e-Government,Incomplete or hidden requirements,Italy,2,Yes,Approximately half on-site and half from home,Agile,Bi-weekly,Weekly,Yes,Inconsistent requirements,We do not have enough time to carry out tasks,Weak knowledge about customer's application domain,Underspecified requirements that are too abstract and allow for various interpretations
4,3,Ask the customer/end user/or both what should be assumed before proceeding.,0,Developer,e-Commerce,Communication flaws within the project team,Italy,6,Yes,Almost completely on-site,Agile,Weekly,Monthly,Yes,Insufficient support by project lead,Changes in requirements not communicated,Incomplete or hidden requirements,Communication flaws between the project and the customer
5,4,Ask the customer/end user/or both what should be assumed before proceeding.,I do not document requirements.,Requirements Engineer,Healthcare,An important stakeholder is not represented in our project,Italy,25,Yes,Approximately half on-site and half from home,Rather agile,Almost daily,Weekly,Yes,We do not have enough time to carry out tasks,Weak knowledge about customer's application domain,Weak access to customer needs and / or (internal) business information,Targets are moving
3,4,Make a reasonable assumption myself and proceed.,Yes,Developer,Other (please specify),Targets are moving,United States,30,I don't know,Approximately half on-site and half from home,Agile,Weekly,Never,I don't know,Communication flaws within the project team,Communication channels used in our project are ineffective,Incomplete or hidden requirements,Weak access to customer needs and / or (internal) business information
4,4,Make a reasonable assumption myself and proceed.,Yes,Architect,Public sector,Communication flaws within the project team,Italy,20,Yes,Approximately half on-site and half from home,Agile,Almost daily,Almost daily,Yes,Changes in requirements not communicated,Communication flaws between the project and the customer,Insufficient support by project lead,Underspecified requirements that are too abstract and allow for various interpretations
4,4,Make a reasonable assumption myself and proceed.,Yes,Other (please specify),Security,We do not have enough time to carry out tasks,United States,10,No,Almost completely on-site,Hybrid,Almost daily,Monthly,No,Communication channels used in our project are ineffective,Lack of communication between project team and end users,No use of standard format for documenting requirements,Communication flaws within the project team
4,4,Ask the customer/end user/or both what should be assumed before proceeding.,Yes,Developer,Public sector,Incomplete or hidden requirements,Italy,4,No,Almost completely from home,Hybrid,Weekly,Almost daily,No,Communication flaws within the project team,Changes in requirements not communicated,We do not have enough time to carry out tasks,Our team's responsibilities are unclear
3,4,Ask the customer/end user/or both what should be assumed before proceeding.,No,Project Lead / Project Manager,Education,Underspecified requirements that are too abstract and allow for various interpretations,Italy,10,Yes,Approximately half on-site and half from home,Hybrid,Almost daily,Weekly,Yes,Incomplete or hidden requirements,Changes in requirements not communicated,Targets are moving,Weak access to customer needs and / or (internal) business information
5,5,Ask the customer/end user/or both what should be assumed before proceeding.,No,Developer,Public sector,Incomplete or hidden requirements,Italy,8,Yes,Mostly on-site,Hybrid,Almost daily,Other (please specify),Yes,Requirements are not traceable,Targets are moving,Changes in requirements not communicated,Underspecified requirements that are too abstract and allow for various interpretations
3,3,Make a reasonable assumption myself and proceed.,Yes,Developer,Enterprise resource planning,No use of standard format for documenting requirements,United States,15,Yes,Almost completely from home,Agile,Weekly,I don't know,Yes,Requirements are not traceable,Communication channels used in our project are ineffective,Targets are moving,Problems with terminology
4,4,Ask the customer/end user/or both what should be assumed before proceeding.,Yes,Scrum Master,Finance,Communication flaws between the project and the customer,Italy,30,Yes,Approximately half on-site and half from home,Hybrid,Almost daily,Weekly,Yes,Incomplete or hidden requirements,Weak access to customer needs and / or (internal) business information,Unclear or unmeasurable non-functional requirements,Changes in requirements not communicated
3,3,Make a reasonable assumption myself and proceed.,Yes,Requirements Engineer,Avionics,Communication flaws within the project team,Italy,4,Yes,Mostly on-site,Plan-driven,Weekly,I don't know,Yes,Technically unfeasible requirements,Lack of trust between our project team members and stakeholder or customer,Our requirements engineers lack enthusiasm or commitment to do requirements analysis,No use of standard format for documenting requirements
4,4,Ask the customer/end user/or both what should be assumed before proceeding.,No,Project Lead / Project Manager,Insurance,Lack of commitment to shared goals within project,Norway,6,Yes,Approximately half on-site and half from home,Rather agile,Almost daily,Other (please specify),Yes,Insufficient support by project lead,Lack of trust between our project team members and stakeholder or customer,Communication flaws between the project and the customer,Language barriers
4,5,Ask the customer/end user/or both what should be assumed before proceeding.,Yes,Architect,Energy,Changes in requirements not communicated,Italy,4,Yes,Approximately half on-site and half from home,Agile,Bi-weekly,Weekly,Yes,Targets are moving,Lack of communication between project team and end users,Weak access to customer needs and / or (internal) business information,Communication flaws within the project team
4,4,Ask the customer/end user/or both what should be assumed before proceeding.,Yes,Developer,Manufacturing,We do not have enough time to carry out tasks,United States,7,Yes,Almost completely from home,Agile,Weekly,Weekly,Yes,Targets are moving,Incomplete or hidden requirements,Communication flaws within the project team,No use of standard format for documenting requirements
4,4,Make a reasonable assumption myself and proceed.,No,Product Manager,Agriculture,Inconsistent requirements,Canada,5,Yes,Almost completely from home,Rather agile,Almost daily,Monthly,Yes,Weak knowledge about customer's application domain,Lack of communication between project team and end users,Targets are moving,Please make a selection
4,4,Ask the customer/end user/or both what should be assumed before proceeding.,Yes,Developer,Healthcare,Inconsistent requirements,Italy,3,Yes,Mostly from home,Agile,Almost daily,Weekly,Yes,Requirements are not traceable,Weak knowledge about customer's application domain,No use of standard format for documenting requirements,Targets are moving
4,4,Ask the customer/end user/or both what should be assumed before proceeding.,No,Requirements Engineer,Education,Incomplete or hidden requirements,United States,30,No,Approximately half on-site and half from home,Hybrid,Weekly,Monthly,No,Targets are moving,Technically unfeasible requirements,Weak knowledge about customer's application domain,Insufficient support by project lead
5,5,Ask the customer/end user/or both what should be assumed before proceeding.,No,Architect,Other (please specify),Incomplete or hidden requirements,United States,10,No,Approximately half on-site and half from home,Hybrid,Weekly,I don't know,No,Lack of trust between our project team members and stakeholder or customer,Weak knowledge about customer's application domain,Our team's responsibilities are unclear,Weak access to customer needs and / or (internal) business information
4,4,Ask the customer/end user/or both what should be assumed before proceeding.,No,Project Lead / Project Manager,Security,Targets are moving,United States,8,No,Approximately half on-site and half from home,Agile,Almost daily,Bi-weekly,No,Inconsistent requirements,We do not have enough time to carry out tasks,No use of standard format for documenting requirements,Internal or external constraints are not considered
5,5,Ask the customer/end user/or both what should be assumed before proceeding.,Yes,Developer,e-Government,Incomplete or hidden requirements,United States,20,Yes,Other (Please specify),Plan-driven,Weekly,Weekly,Yes,Underspecified requirements that are too abstract and allow for various interpretations,No use of standard format for documenting requirements,Inconsistent requirements,Requirements are not traceable
4,3,Ask the customer/end user/or both what should be assumed before proceeding.,Yes,Product Manager,Enterprise resource planning,Communication flaws between the project and the customer,Canada,15,Yes,Mostly from home,Hybrid,Weekly,Monthly,Yes,Insufficient support by project lead,An important stakeholder is not represented in our project,Underspecified requirements that are too abstract and allow for various interpretations,Unclear or unmeasurable non-functional requirements
2,4,Ask the customer/end user/or both what should be assumed before proceeding.,Yes,Developer,e-Commerce,Communication flaws within the project team,United States,5,No,Approximately half on-site and half from home,Hybrid,Almost daily,Monthly,No,Lack of communication between project team and end users,Changes in requirements not communicated,Inconsistent requirements,Requirements are not traceable
5,5,Ask the customer/end user/or both what should be assumed before proceeding.,Yes,Architect,Healthcare,Incomplete or hidden requirements,Spain,10,No,Almost completely on-site,Agile,Weekly,Monthly,No,Unclear or unmeasurable non-functional requirements,Technically unfeasible requirements,Underspecified requirements that are too abstract and allow for various interpretations,Weak knowledge about customer's application domain
4,4,Ask the customer/end user/or both what should be assumed before proceeding.,Yes,Architect,Aerospace,Communication flaws between the project and the customer,Spain,100,No,Mostly on-site,Agile,Almost daily,Almost daily,No,Lack of communication between project team and end users,Communication channels used in our project are ineffective,Targets are moving,Underspecified requirements that are too abstract and allow for various interpretations
4,5,Make a reasonable assumption myself and proceed.,No,Developer,Avionics,Lack of communication between project team and end users,Spain,2,I don't know,Mostly from home,Hybrid,Weekly,I don't know,I don't know,Communication flaws between the project and the customer,Communication flaws within the project team,Insufficient support by project lead,We do not have enough time to carry out tasks
5,4,Ask the customer/end user/or both what should be assumed before proceeding.,Yes,Business Analyst,Logistics,Weak access to customer needs and / or (internal) business information,Germany,6,Yes,Mostly from home,Rather agile,Almost daily,Other (please specify),Yes,Unclear or unmeasurable non-functional requirements,Targets are moving,Lack of communication between project team and end users,Please make a selection
5,5,Ask the customer/end user/or both what should be assumed before proceeding.,No,Architect,Other (please specify),Our requirements engineers lack enthusiasm or commitment to do requirements analysis,Estonia,66,No,Almost completely on-site,Rather agile,Almost daily,Bi-weekly,No,Lack of communication between project team and end users,Incomplete or hidden requirements,Changes in requirements not communicated,Targets are moving
3,4,Ask the customer/end user/or both what should be assumed before proceeding.,Yes,Architect,Other (please specify),Incomplete or hidden requirements,Turkey,6,Yes,Mostly from home,Hybrid,Weekly,Weekly,Yes,Inconsistent requirements,Targets are moving,Weak knowledge about customer's application domain,Technically unfeasible requirements
4,5,Ask the customer/end user/or both what should be assumed before proceeding.,Yes,Business Analyst,Logistics,Weak access to customer needs and / or (internal) business information,United States,10,No,Almost completely on-site,Rather plan-driven,Weekly,Weekly,No,Targets are moving ,Technically unfeasible requirements,Internal or external constraints are not considered,Lack of communication between project team and end users
4,4,Ask the customer/end user/or both what should be assumed before proceeding.,No,Developer,Education,Lack of communication between project team and end users,United States,5,Yes,Mostly on-site,Agile,Weekly,Weekly,Yes,Changes in requirements not communicated,Inconsistent requirements,We do not have enough time to carry out tasks,Lack of commitment to shared goals within project
5,4,Ask the customer/end user/or both what should be assumed before proceeding.,Yes,Developer,Education,Communication flaws between the project and the customer,United States,5,No,Approximately half on-site and half from home,Agile,Almost daily,Weekly,No,Inconsistent requirements,Changes in requirements not communicated,Weak knowledge about customer's application domain,Targets are moving
5,5,Make a reasonable assumption myself and proceed.,Yes,Business Analyst,Enterprise resource planning,Communication flaws between the project and the customer,United Kingdom,7,No,Mostly from home,Agile,Bi-weekly,Weekly,No,Lack of communication between project team and end users,Targets are moving,Lack of commitment to shared goals within project,Unclear or unmeasurable non-functional requirements
4,4,Ask the customer/end user/or both what should be assumed before proceeding.,Yes,Project Lead / Project Manager,Security,Communication flaws between the project and the customer,United Kingdom,4,No,Approximately half on-site and half from home,Hybrid,Almost daily,Monthly,No,Targets are moving,Underspecified requirements that are too abstract and allow for various interpretations,Unclear or unmeasurable non-functional requirements,Weak knowledge about customer's application domain
2,2,Ask the customer/end user/or both what should be assumed before proceeding.,Yes,Other (please specify),Finance,Inconsistent requirements,Turkey,6,Yes,Mostly from home,Agile,Almost daily,Monthly,Yes,Lack of communication between project team and end users,Insufficient support by project lead,Weak knowledge about customer's application domain,We do not have enough time to carry out tasks
4,5,Make a reasonable assumption myself and proceed.,Yes,Developer,Public transportation,We do not have enough time to carry out tasks,Germany,20,No,Mostly from home,Hybrid,Almost daily,Almost daily,No,Targets are moving,Gold plating (implementation of features without corresponding requirements),Changes in requirements not communicated,Underspecified requirements that are too abstract and allow for various interpretations
4,2,Make a reasonable assumption myself and proceed.,Yes,Developer,Manufacturing,Communication flaws within the project team,Germany,8,No,Approximately half on-site and half from home,Hybrid,Almost daily,Monthly,No,Incomplete or hidden requirements,Weak knowledge about customer's application domain,Unclear or unmeasurable non-functional requirements,No use of standard format for documenting requirements
5,5,Make a reasonable assumption myself and proceed.,I do not document requirements.,Product Owner,Finance,Communication flaws within the project team,Spain,13,Yes,Approximately half on-site and half from home,Agile,Almost daily,Monthly,Yes,Communication flaws between the project and the customer,Lack of communication between project team and end users,Changes in requirements not communicated,Requirements are not traceable
3,5,Make a reasonable assumption myself and proceed.,Yes,Developer,Healthcare,Technically unfeasible requirements,Spain,8,Yes,Approximately half on-site and half from home,Rather plan-driven,Weekly,Never,Yes,Internal or external constraints are not considered,Our team's responsibilities are unclear,Changes in requirements not communicated,Requirements are not traceable
2,2,Ask the customer/end user/or both what should be assumed before proceeding.,Yes,Architect,e-Government,Weak knowledge about customer's application domain,Switzerland,15,Yes,Mostly on-site,Plan-driven,Weekly,Monthly,Yes,Internal or external constraints are not considered,Underspecified requirements that are too abstract and allow for various interpretations,Unclear or unmeasurable non-functional requirements,Changes in requirements not communicated
5,4,Make a reasonable assumption myself and proceed.,Yes,Developer,Energy,Weak access to customer needs and / or (internal) business information,Turkey,12,Yes,Approximately half on-site and half from home,Rather plan-driven,Almost daily,Bi-weekly,Yes,Lack of communication between project team and end users,Inconsistent requirements,Communication channels used in our project are ineffective,Targets are moving
4,4,Ask the customer/end user/or both what should be assumed before proceeding.,No,Developer,Security,Targets are moving,United Kingdom,2,No,Approximately half on-site and half from home,Rather agile,Almost daily,Other (please specify),No,An important stakeholder is not represented in our project,No use of standard format for documenting requirements,Underspecified requirements that are too abstract and allow for various interpretations,Incomplete or hidden requirements
4,4,Ask the customer/end user/or both what should be assumed before proceeding.,Yes,Test Manager / Tester,Finance,Communication flaws within the project team,Netherlands,7,Yes,Almost completely from home,Agile,Almost daily,Weekly,Yes,Communication flaws between the project and the customer,Lack of communication between project team and end users,Communication channels used in our project are ineffective,Changes in requirements not communicated
4,4,Ask the customer/end user/or both what should be assumed before proceeding.,Yes,Project Lead / Project Manager,Insurance,Targets are moving,United Kingdom,2,Yes,Mostly from home,Hybrid,Almost daily,Weekly,Yes,Underspecified requirements that are too abstract and allow for various interpretations,Weak knowledge about customer's application domain,Lack of communication between project team and end users,Incomplete or hidden requirements
4,5,Ask the customer/end user/or both what should be assumed before proceeding.,Yes,Developer,Other (please specify),Communication flaws between the project and the customer,Spain,12,Yes,Approximately half on-site and half from home,Hybrid,Weekly,Weekly,Yes,Communication channels used in our project are ineffective,Incomplete or hidden requirements,Insufficient support by project lead,Requirements are not traceable
4,4,Make a reasonable assumption myself and proceed.,Yes,Developer,Finance,Inconsistent requirements,United States,16,Yes,Almost completely from home,Hybrid,Almost daily,Weekly,Yes,Insufficient support by project lead,Changes in requirements not communicated,Targets are moving,We do not have enough time to carry out tasks
4,4,Ask the customer/end user/or both what should be assumed before proceeding.,I do not document requirements.,Developer,Other (please specify),Incomplete or hidden requirements,Turkey,51,No,Almost completely from home,Rather agile,Almost daily,I don't know,No,Unclear or unmeasurable non-functional requirements,Weak access to customer needs and / or (internal) business information,No use of standard format for documenting requirements,Gold plating (implementation of features without corresponding requirements)
3,3,Ask the customer/end user/or both what should be assumed before proceeding,No,Business Analyst,Automotive,Underspecified requirements that are too abstract,Germany,3,Yes,Mostly on-site,Agile,Monthly,Bi-weekly,Yes,Weak access to customer needs and / or (internal) stakeholders,Weak knowledge about customer's application domain,Inconsistent requirements,Changes in requirements not communicated
1,1,Make a reasonable assumption myself and proceed,Yes,Developer,Automotive,Weak access to customer needs and / or (internal) stakeholders,Argentina,8,Yes,Approximately half on-site and half from home,Agile,Almost daily,Almost daily,No,Underspecified requirements that are too abstract,Communication flaws within the project team,Communication flaws within the project team,Weak access to customer needs and / or (internal) stakeholders
1,1,Make a reasonable assumption myself and proceed,Yes,Developer,Aerospace,Communication flaws within the project team,Argentina,5,Yes,Approximately half on-site and half from home,Agile,Almost daily,Almost daily,Yes,Communication flaws within the project team,Communication flaws within the project team,Communication flaws within the project team,Communication flaws within the project team
1,1,Make a reasonable assumption myself and proceed,Yes,Developer,Automotive,Communication flaws within the project team,Germany,5,Yes,Approximately half on-site and half from home,Agile,Almost daily,Almost daily,Yes,Communication flaws within the project team,Communication flaws within the project team,Communication flaws within the project team,Communication flaws within the project team
1,1,Make a reasonable assumption myself and proceed,Yes,Developer,Aerospace,Communication flaws within the project team,Argentina,20,Yes,Approximately half on-site and half from home,Agile,Almost daily,Almost daily,Yes,Communication flaws within the project team,Communication flaws within the project team,Communication flaws within the project team,Communication flaws within the project team
1,1,Make a reasonable assumption myself and proceed,Yes,Developer,Automotive,Insufficient support by project lead,Italy,70,Yes,Approximately half on-site and half from home,Agile,Almost daily,Almost daily,Yes,Communication flaws within the project team,Communication flaws within the project team,Communication flaws within the project team,Communication flaws within the project team
1,1,Make a reasonable assumption myself and proceed,Yes,Developer,Automotive,Communication flaws within the project team,Italy,5,Yes,Approximately half on-site and half from home,Agile,Almost daily,Almost daily,Yes,Communication flaws within the project team,Communication flaws within the project team,Communication flaws within the project team,Communication flaws within the project team
4,4,Make a reasonable assumption myself and proceed,Yes,Developer,Automotive,Communication flaws within the project team,Italy,,Yes,Approximately half on-site and half from home,Agile,Almost daily,Almost daily,Yes,Communication flaws within the project team,Communication flaws within the project team,Communication flaws within the project team,Communication flaws within the project team
3,3,Make a reasonable assumption myself and proceed,Yes,Developer,Agriculture,Communication flaws within the project team,Canada,10,Yes,Approximately half on-site and half from home,Agile,Almost daily,Almost daily,Yes,Communication flaws within the project team,Communication flaws within the project team,Communication flaws within the project team,Communication flaws within the project team
1,1,Make a reasonable assumption myself and proceed,Yes,Developer,Agriculture,Communication flaws within the project team,Canada,55,Yes,Approximately half on-site and half from home,Agile,Almost daily,Almost daily,Yes,Communication flaws within the project team,Communication flaws within the project team,Communication flaws within the project team,Communication flaws within the project team
5,4,Make a reasonable assumption myself and proceed,Yes,Developer,Railway,Communication flaws within the project team,Pakistan,20,Yes,Approximately half on-site and half from home,Agile,Almost daily,Almost daily,Yes,Communication flaws within the project team,Communication flaws within the project team,Communication flaws within the project team,Communication flaws within the project team
3,3,Make a reasonable assumption myself and proceed,Yes,Developer,Agriculture,Communication flaws within the project team,Canada,4,Yes,Approximately half on-site and half from home,Agile,Almost daily,Almost daily,Yes,Communication flaws within the project team,Communication flaws within the project team,Communication flaws within the project team,Communication flaws within the project team
1,1,Make a reasonable assumption myself and proceed,Yes,Developer,Games engineering,Communication flaws within the project team,Norway,4,Yes,Approximately half on-site and half from home,Agile,Almost daily,Almost daily,Yes,Communication flaws within the project team,Communication flaws within the project team,Communication flaws within the project team,Communication flaws within the project team
1,1,Make a reasonable assumption myself and proceed,Yes,Developer,Games engineering,Communication flaws within the project team,Norway,8,Yes,Approximately half on-site and half from home,Agile,Almost daily,Almost daily,Yes,Communication flaws within the project team,Communication flaws within the project team,Communication flaws within the project team,Communication flaws within the project team
1,4,Make a reasonable assumption myself and proceed,Yes,Developer,Automotive,Communication flaws within the project team,Germany,,No,Approximately half on-site and half from home,Rather agile,Almost daily,Other (Please specify),No,Inconsistent requirements,Gold plating (implementation of features without clear value),Communication flaws within the project team,Communication flaws within the project team
1,1,Make a reasonable assumption myself and proceed,Yes,Developer,Aerospace,Communication flaws within the project team,Argentina,6,Yes,Approximately half on-site and half from home,Agile,Almost daily,Almost daily,Yes,Communication flaws within the project team,Communication flaws within the project team,Communication flaws within the project team,Communication flaws within the project team
5,5,Make a reasonable assumption myself and proceed,I do not document requirements.,Developer,Agriculture,Communication flaws within the project team,Canada,5,Yes,Almost completely on-site,Agile,Almost daily,Almost daily,Yes,Communication flaws within the project team,Underspecified requirements that are too abstract,Insufficient support by project lead,Gold plating (implementation of features without clear value)
1,1,Make a reasonable assumption myself and proceed,Yes,Developer,Energy,Communication flaws within the project team,Canada,5,Yes,Approximately half on-site and half from home,Agile,Almost daily,Almost daily,Yes,"Targets are moving (changing goals, business priorities)",Weak knowledge about customer's application domain,"Targets are moving (changing goals, business priorities)",Weak access to customer needs and / or (internal) stakeholders
5,5,Make a reasonable assumption myself and proceed,Yes,Developer,Automotive,Communication flaws within the project team,Canada,5,Yes,Approximately half on-site and half from home,Agile,Almost daily,Almost daily,Yes,Underspecified requirements that are too abstract,Communication flaws within the project team,Inconsistent requirements,"Targets are moving (changing goals, business priorities)"
1,1,Make a reasonable assumption myself and proceed,Yes,Developer,Agriculture,Communication flaws within the project team,Canada,5,Yes,Approximately half on-site and half from home,Agile,Almost daily,Almost daily,Yes,Communication flaws within the project team,Communication flaws within the project team,Communication flaws within the project team,Communication flaws within the project team
